"conversation_id_str","created_at","favorite_count","full_text","id_str","image_url","in_reply_to_screen_name","lang","location","quote_count","reply_count","retweet_count","tweet_url","user_id_str","username"
"1784770971439890697","Mon Apr 29 02:26:05 +0000 2024","0","[2] Selasa 30 April 2024 mendatang. Menurutnya jalur zonasi ini mengikuti sistem pembagian rayon atau wilayah yang dekat dengan domisili peserta didik. Kata dia ada 3 pembagian rayon di antaranya rayon satu terdiri dari SMPN 2 SMPN 5 &amp; SMPN 9. Rayon 2 terdiri dari SMPN 1 ","1784771106437779802","","radiopatria","in","Blitar - East Java - Indonesia","0","1","0","https://x.com/radiopatria/status/1784771106437779802","100132119","radiopatria"
"1784755434739716302","Mon Apr 29 01:23:49 +0000 2024","0","pengen banget sistem zonasi dihapus kasian anak berpotensi tapi rumahnya jauh dari sekolah bagus.. soalnya jalur prestasi dan afirmasipun diukur jarak rumahnya masalahnya ga semua sekolah punya fasilitas dan tenaga pendidik yg sama kualitasnya","1784755434739716302","","","in","Indonesia","0","0","0","https://x.com/koovintae/status/1784755434739716302","2955903691","koovintae"
"1784738850046370119","Mon Apr 29 00:17:55 +0000 2024","1","Sistem zonasi jahanam","1784738850046370119","","","in","Wari-wari Park","0","0","0","https://x.com/binnienluv/status/1784738850046370119","859034138023567361","binnienluv"
"1784406446609965337","Sun Apr 28 17:24:47 +0000 2024","0","@SeputarTetangga Sistem zonasi yg mengharuskan upload Surat Keterangan dr RT-yang- Dzolim ","1784634881693344054","","SeputarTetangga","in","","0","0","0","https://x.com/modestybanget/status/1784634881693344054","193947661","modestybanget"
"1784578508477673799","Sun Apr 28 14:45:13 +0000 2024","0","@lemonorangemint Kayaknya mah semua pihak diribetin dengan sistem zonasi ini sih ","1784594726014050342","","lemonorangemint","in","back but weaker","0","1","0","https://x.com/seaspinach/status/1784594726014050342","1290554683229011969","seaspinach"
"1784514158991716540","Sun Apr 28 09:25:04 +0000 2024","2","Ada beberapa isu yang perlu menjadi perhatian. 1. Pembatasan waktu berdagang toko atau warung di Jakarta 2. Kasus Demam Berdarah yang meningkat dan mengancam nyawa anak anak. 3. Persiapan kenaikan tingkat sekolah dan kuliah. Sistem zonasi dan hilangnya KJP @DKIJakarta","1784514158991716540","","","in","Jakarta","0","0","1","https://x.com/ghozizulazmi/status/1784514158991716540","83283628","ghozizulazmi"
"1784237001493053546","Sat Apr 27 18:36:05 +0000 2024","0","@imntoke tapi kan ada namanya kompetisi antar sekolah lagian sistem sekolah tuh masih aneh menurutku kita ada zonasi itu buat pemerataan ya oke bagus tapi di satu sisi masih ada snmptn dimana itu tergantung bagus engganya sekolah","1784290437823610894","","imntoke","in","","0","1","0","https://x.com/kainaacy/status/1784290437823610894","1277784695032307712","kainaacy"
"1784147113779376407","Sat Apr 27 16:10:18 +0000 2024","0","@kangruditbn @ainunnajib dgn sistem zonasi murid2 yg pandai2 mnjd tersebar gk ngumpul di satu sekolah kyk dulu yg kemudian disebut sekolah favorit itu.","1784253751404142886","","kangruditbn","in","","0","0","0","https://x.com/mas_aro/status/1784253751404142886","81998798","mas_aro"
"1784206301054329298","Sat Apr 27 13:20:02 +0000 2024","0","@fulhaesund susah sih mau nyalahin siapa di satu sisi skrg pemerintah uda usaha buat sistem zonasi tp tetep aja ga efektif org kadang masih ada celah buat curang. Blm lagi tuh harusnya sebelum zonasi ratain dlu kek fasilitas sekolah kualitas tendiknya dll. Baru bikin zonasi","1784210899127177381","","fulhaesund","in","","0","1","0","https://x.com/ususmulet/status/1784210899127177381","1553369547948048386","ususmulet"
"1784147113779376407","Sat Apr 27 09:58:59 +0000 2024","0","@ainunnajib Sulit Mas. Masuk SMP/SMA saja rasanya gimana gitu dg sistem zonasi. Dulu jaman sy org pelosok desa bisa mimpi sekolah di tempat yg berkualitas caranya dg belajar yg keras dan tekun. Sekarang klo mau yg berkualitas ya hrus punya rumah dekat sekolah yg berkualitas.","1784160304261402991","","ainunnajib","in","Tuban, Indonesia","1","3","0","https://x.com/kangruditbn/status/1784160304261402991","1098521933996425217","kangruditbn"
"1784056542523969556","Sat Apr 27 03:06:41 +0000 2024","0","Semenjak zonasi jadi kek b aja Soalnya nggak ada sistem seleksi yg ketat bgt kayak dulu","1784056544805704152","","esedensies_rama","in","","0","0","0","https://x.com/esedensies_rama/status/1784056544805704152","1600773838002089984","esedensies_rama"
"1783817318222746092","Sat Apr 27 02:46:32 +0000 2024","70","@FuzaFirdaus Semua serba jiplak tapi gak mau mikirin variabel yang hanya muncul di negaranya gw masih inget banget sistem zonasi sekolah yang niru2 Jepang. Lah Jepang mah sekolah ada di manapun transportasi khusus siswa untuk ke sekolah juga banyak. Lhaaa kalo Indo? Emang kocak","1784051477541171217","","FuzaFirdaus","in","","0","2","9","https://x.com/lostvayne7_/status/1784051477541171217","1616995878602158082","lostvayne7_"
"1783889548751380808","Fri Apr 26 16:08:01 +0000 2024","0","Jd kalo ditanya pengalaman berkeluarga ini udah pernah rungsing ngurusin anak sekolah naik SD ke SMP gadapet zonasi karena sistem tolol Pride nya jg dapet lumayan Muhammadiyah nomer 2 di jaksel agak mentereng dikit Diomongin tetangga dikira sekolah mahal jg udah","1783890786242953457","","_juanramadhan","in","Tokyo-3","0","0","0","https://x.com/_juanramadhan/status/1783890786242953457","366499929","_juanramadhan"
"1783842397757313221","Fri Apr 26 12:55:44 +0000 2024","0","AHAHAHA I FEEL THIS keknya harus pake sistem zonasi deh cari jodohnya","1783842397757313221","","","in","","0","0","0","https://x.com/realifeishit/status/1783842397757313221","1182524759495462912","realifeishit"
"1783830234447679610","Fri Apr 26 12:24:36 +0000 2024","14","@faizsadad_ Tiati nanti temennya takutnya amit2 gak bener bang kecuali negerinya yang emang bagus banyak orang pinter tapi sekarang Sistem nya udah beda pake zonasi soalnya","1783834564219347256","","faizsadad_","in","earth","0","0","0","https://x.com/CheeLXoX/status/1783834564219347256","1266065471742160896","CheeLXoX"
"1783811672769196147","Fri Apr 26 10:53:39 +0000 2024","0","kaya sistem zonasi aja","1783811672769196147","","","in","La La Land","0","0","0","https://x.com/sleepshies/status/1783811672769196147","1409732767319949316","sleepshies"
"1783786289835487399","Fri Apr 26 09:12:47 +0000 2024","1","makanya cari pacar tuh sistem zonasi biar ga sama orang jauh @ pacar mbaknya.","1783786289835487399","","","in","","0","0","1","https://x.com/cewesukuna/status/1783786289835487399","699499229815795712","cewesukuna"
"1783562345014522221","Thu Apr 25 18:23:11 +0000 2024","0","PAKE SISTEM ZONASI AJA LAH","1783562417253036453","","jenajours","in","","0","0","0","https://x.com/jenajours/status/1783562417253036453","1403238514137829377","jenajours"
"1780782551659135268","Thu Apr 18 02:21:49 +0000 2024","0","Karna ada pondok impianku dulu di pacet wkwk apa mungkin krn biaya? Tapi pacet tu di kab nek di sekolah katolik kota koyoke ga sebanyak itu islam e? apalagi sistem zonasi kek skrg lebih bikin mudah keterima jd mungkin dah beda kaya jamanku dulu. Ndek kab emg jarak e jauh¬≤ sih.","1780783763301253587","","readygoagari","in","","0","0","0","https://x.com/readygoagari/status/1780783763301253587","1213010517175889921","readygoagari"
"1780760387979477264","Thu Apr 18 00:48:56 +0000 2024","0","coba terapin sistem zonasi provinsi untuk kerjaan. bersihin area2 industri dr perantau. kalo masih banyak yg jobless ya berarti memang harus di bumi hanguskan aja matre? aren't we all? lmao cewe males? ngomong sama teteh gw sono biar mulut u ditampol ","1780760387979477264","","","in","Bandung tapi diujung","0","0","0","https://x.com/hadehdie/status/1780760387979477264","721462346","hadehdie"
"1780732907050635773","Thu Apr 18 00:48:02 +0000 2024","7","@BaseBDG coba terapin sistem zonasi provinsi untuk kerjaan. bersihin area2 industri dr perantau. kalo masih banyak yg jobless ya berarti memang harus di bumi hanguskan aja matre? aren't we all? lmao cewe males? ngomong sama teteh gw sono biar mulut u ditampol ","1780760163735179692","","BaseBDG","in","Bandung tapi diujung","1","1","0","https://x.com/hadehdie/status/1780760163735179692","721462346","hadehdie"
"1780536070209511886","Wed Apr 17 10:13:34 +0000 2024","0","@Pai_C1 Lagian ga adalagi sistem gak naik kelas secara standar nasional kkm bikin lokal ga ada ujian kelulusan masuk UNIV bisa pake uang. Guru semakin apatis murid semakin tak tersaring dg sistem zonasi hasilnya gak perlu diuji ... Good.","1780540096326099293","","Suasanasegarrr","in","","0","0","0","https://x.com/Suasanasegarrr/status/1780540096326099293","1440436329406369798","Suasanasegarrr"
"1780277027335217382","Tue Apr 16 16:48:13 +0000 2024","1","Sistem Zonasi Sekolah Merugikan atau Menguntungkan? https://t.co/4nPjQduAx3","1780277027335217382","","","in","Indonesia","0","0","0","https://x.com/kompasiana/status/1780277027335217382","23786106","kompasiana"
"1780010131478184246","Mon Apr 15 23:07:40 +0000 2024","0","Udah agak hilang respect sama dia &amp; bapaknya sejak sistem zonasi sekolah pake priviliged as pejabat &amp; anak pejabat saat itu sampe bisa masup SMA 3 Bdg disaat anak2 lainnya yg maybe lebih pantes tp kehalang zonasi gak bisa masup. Lol But idk why she's more annoying than before ","1780010131478184246","","","in","‚â´‚ôÇ‚ôö‚ôî‚ôõ‚ôï‚òé‚ôò‚ô®‚úì ‚úî ‚úñ ‚úò Underground","0","1","0","https://x.com/jsuhstyle/status/1780010131478184246","74121390","jsuhstyle"
"1779857431184789744","Mon Apr 15 13:00:54 +0000 2024","0","alur deeptalk ma ayah dan ibu hari ini ngomongin KFC- usaha- akreditasi univ-prospek kerja-univ luar jawa-sekolah jawa vs luar- kualitas pendidikan-sistem zonasi- pr sekolah- jepang- temen ayah- hukum+ilmu politik-kejamnya politik-menteri-pak pri-partai-bupati dah sekian","1779857431184789744","","","in","East Java, Indonesia","0","0","0","https://x.com/Lilyiloo/status/1779857431184789744","1530715797190221824","Lilyiloo"
"1779428750066913725","Mon Apr 15 05:59:15 +0000 2024","0","@anonmalii inikrnasistemzonasiini","1779751318103683191","","anonmalii","in","","0","0","0","https://x.com/chaeerse0/status/1779751318103683191","1669663708975632385","chaeerse0"
"1779554294708277336","Sun Apr 14 17:03:16 +0000 2024","0","trus jg ini gw msih kesel smpe skarang tuh knpa mesti ada sistem zonasi sih paling g masuk akal bner wktu tu sistem zonasi tai bgt gra gara LU ZONASI gw jd skolah disitu tai banget lu.","1779556038494339550","","f4vmay","in","","0","0","0","https://x.com/f4vmay/status/1779556038494339550","1663177039917252608","f4vmay"
"1779541805421449431","Sun Apr 14 16:06:43 +0000 2024","1","WKWKWKWKKWK KALAH GARA2 SISTEM ZONASI ANJIR (tapi iya lagi bener) https://t.co/NlgviJHiD1","1779541805421449431","https://pbs.twimg.com/media/GLIz13fasAAFe_V.jpg","","in","","0","0","0","https://x.com/_813njmn/status/1779541805421449431","1544703364457721858","_813njmn"
"1779178866172707288","Sun Apr 14 15:27:03 +0000 2024","0","@abu_waras Sistem zonasi membuat sekolah favorit jadi sekolah bangke sering tawuran malah...","1779531825662292032","","abu_waras","in","","0","0","0","https://x.com/02fc71ba00c2451/status/1779531825662292032","2886613472","02fc71ba00c2451"
"1779390183651029091","Sun Apr 14 06:04:15 +0000 2024","1","zonasi itu jg bagus. biar semua anak bisa sekolah. diganti seragam jg bagus biar ga ninggalin baju adat daerah bagus loh dan nadiem jg bilang gaada pemaksaan. sistem snbt juga sekarang makin bagus krn ada essay bisa ngukur kemampuan anak2 survive ga scr general di kuliah","1779390191092039892","","zxhxq","in","danau kenanga","0","1","0","https://x.com/zxhxq/status/1779390191092039892","1647447341455261698","zxhxq"
"1779389272124211642","Sun Apr 14 06:00:36 +0000 2024","0","pemikiranku tentang sistem zonasi hanya menguntungkan yang rumahnya deket ternyata salah semua tetap tidak rata dan menurutku lebih baik seperti itu karena citra sekolah favorit memang usaha setiap siswanya","1779389272124211642","","","in","","0","1","0","https://x.com/gorengankfc/status/1779389272124211642","1170108574275493888","gorengankfc"
"1779388270448976015","Sun Apr 14 05:56:37 +0000 2024","0","agak kurang setuju dengan sistem zonasi ini terutama aku yang sekolah di jogja (apalagi sekarang ada ASPD) dimana semua anak apalagi angkatanku yang dari SD sudah terbentuk mental mau masuk sekolah favorit = pintar dan berlatih dari sebelumnya https://t.co/583HykgI4W","1779388270448976015","https://pbs.twimg.com/media/GLGoMeda8AAYdOA.jpg","","in","","1","1","0","https://x.com/gorengankfc/status/1779388270448976015","1170108574275493888","gorengankfc"
"1779381328670331059","Sun Apr 14 05:29:02 +0000 2024","1","Liat statement ini yg terlintas di benak gw adalah zonasi . Temen dan sodara yg jadi guru pada ngeluh kualitas akademik dan karakter anak sekarang turun sejak adanya sistem zonasi ini.","1779381328670331059","","","in","","0","1","0","https://x.com/vanillamin97/status/1779381328670331059","1471307740517568523","vanillamin97"
"1778728517758517323","Sun Apr 14 03:32:15 +0000 2024","0","@detikcom @detik_edu Pak nadiem daripada bikin kebijakan terkait seragam apa tidak lebih baik meregulasi sistem zonasi?","1779351938796273979","","detikcom","in","","0","0","0","https://x.com/snurasa_/status/1779351938796273979","1881967442","snurasa_"
"1778994466147504370","Sun Apr 14 00:32:05 +0000 2024","0","@kegblgnunfaedh Hapus sistem zonasi","1779306596700660084","","kegblgnunfaedh","in","Surabaya, Indonesia.","0","0","0","https://x.com/RiyantokoArif/status/1779306596700660084","1604687094814691328","RiyantokoArif"
"1778998894460129444","Sat Apr 13 22:42:51 +0000 2024","1","@BurhanMuhtadi Ya gimana... Sistem zonasi masuk SMP aja banyak boroknya gak ada perbaikan. - orang kaya pakai jalur kuota org miskin - manipulasi titik koordinat rumah - pemalsuan kartu keluarga Banyak bener problemnya","1779279106703770058","","BurhanMuhtadi","in","","0","1","0","https://x.com/rachardiana_ayu/status/1779279106703770058","1606101187488776192","rachardiana_ayu"
"1778903212516634803","Sat Apr 13 16:35:35 +0000 2024","0","@Jali021012 @CV_KP_Mandiri Mengemaskan Mbok ya ubah sistem zonasi kecamatan jadi zonasi kabupaten atau balikin aja kurikulum pndidikan malah faedah harusnya","1779186680643403842","","Jali021012","in","Semarang","0","0","0","https://x.com/Em_7015/status/1779186680643403842","2699993566","Em_7015"
"1779131162059006075","Sat Apr 13 12:54:58 +0000 2024","1","Menteri Nadiem ingin meninggalkan legacy sebanyak-banyaknya. Setelah Kurikulum Merdeka Pendidikan Guru Penggerak dan Sistem Zonasi (kecuali SMKN) Perubahan Seragam sbg penutup. Salam &amp; Bahagia bagi Pengusaha ASN Pengusaha &amp; Koperasi Sekolah. @zanatul_91 @RadioElshinta","1779131162059006075","","","in","","0","0","0","https://x.com/aqin85ahmad/status/1779131162059006075","477701633","aqin85ahmad"
"1779092365942391198","Sat Apr 13 10:20:48 +0000 2024","0","tk: 20 km sd: 21 km dan 5 2 km smp: 5 6 km sma: 16 km kuliah: 18 km kebetulan jauh-jauh dan tidak memanfaatkan adanya sistem zonasi ya","1779092365942391198","","","in","Yogyakarta ","1","1","0","https://x.com/nopleasur/status/1779092365942391198","1499250854922452993","nopleasur"
"1779054720952529011","Sat Apr 13 08:20:57 +0000 2024","0","@carlpwaa ternyata ini pencetus ide sistem zonasi","1779062202970034668","","walterwinter__","in","fv ub'23","0","1","0","https://x.com/brigithabela/status/1779062202970034668","1515947853033930753","brigithabela"
"1778733337781457323","Sat Apr 13 02:08:44 +0000 2024","0","@NenkMonica @kemenpendidikan @nadiemmakarim Sistem zonasi aja udah gak becus","1778968533847965941","","NenkMonica","in","South Borneo, Indonesia","0","0","0","https://x.com/Rhokhaqqof/status/1778968533847965941","361915147","Rhokhaqqof"
"1778405339035275599","Sat Apr 13 00:36:26 +0000 2024","2","@AliZain435h @DrEvaChaniago sejak ada sistem zonasi gak ada lagi sekolah negeri berkualitas atao favorit. semuanya flat yg belajar harus segera diluluskan tanpa terkecuali. gak usah mempertanyakan soal kualitas karena tujuannya memang sudah bukan lagi mencerdaskan kehidupan bangsa.","1778945303229731070","","AliZain435h","in","","0","0","0","https://x.com/panjul_kimung/status/1778945303229731070","1648088871354376192","panjul_kimung"
"1778056503292989812","Fri Apr 12 13:59:57 +0000 2024","0","@DedynurPalakka 2. Asyik nya di mana ketika setiap PPDB Zonasi selalu saja ada masalah karena kurangnya bangku Sekolah. Sementara sistem ini sudah 7 th berjalan","1778785129231765525","","DedynurPalakka","in","di hatimu","0","0","0","https://x.com/alzakha/status/1778785129231765525","96345237","alzakha"
"1778623555833577671","Fri Apr 12 08:23:16 +0000 2024","0","@tanyakanrl Tolong ganti mentriii pendidkan nyaa soalnya ibu2 pada puyeng mikirin anaknya sekolah 1. Gara gara zonasi adek aku gak mau belajar soalnya udah tau bakal sekolah dimana 2. Katanya pelajaran gak ada yang tau soalnya buku lks nya gak lengkap 3. Pelajaran pake sistem hp.internet .","1778700397395464336","","tanyakanrl","in","Stay ","0","1","0","https://x.com/cha_suciii/status/1778700397395464336","1367382499467227137","cha_suciii"
"1778623555833577671","Fri Apr 12 05:56:49 +0000 2024","0","@tanyakanrl Padahal yang perlu diperbarui sistem zonasi sama perbarui fasilitas pendidikan di daerah","1778663542880911759","","tanyakanrl","in","Elbaph","0","0","0","https://x.com/MugiwaraDLuuffy/status/1778663542880911759","1248070245174005760","MugiwaraDLuuffy"
"1778628085388341500","Fri Apr 12 03:35:55 +0000 2024","0","Bener. Zonasi program paling jelek menurutku. Bukannya jadi pemerataan sekolah malah bikin KKN jd merajalela. Sekarang makin banyak orang tua yang beli kursi agar bisa nyekolahin anaknya di sekolah negeri. Buat @ pak nadiem tolong dikaji ulang sistem ini.","1778628085388341500","","","in","surga ","0","0","0","https://x.com/sanyyyyyyaaa/status/1778628085388341500","1271125643707609088","sanyyyyyyaaa"
"1778377409731170545","Fri Apr 12 00:50:03 +0000 2024","0","@convomf Negeri semua karena selalu dapet tuntutan sekolah di negeri dengan ancaman kalau ga negeri ga usah lanjut sekolah Syukurnya waktu itu belum ada sistem zonasi","1778586341565247760","","convomf","in","","0","0","0","https://x.com/semangatyokk_/status/1778586341565247760","1347181582063341570","semangatyokk_"
"1778350247150002385","Thu Apr 11 22:05:11 +0000 2024","0","@ivanobosque @vernandozz @mohmahfudmd Sistem Zonasi sudah jadi rahasia umum; pel'uang kecurangan penyelenggara seleksi penerimaan calon siswa baru dari jual bangku sekolah sogok korupsi korbankan anak didik yg lain.","1778544852244091023","","ivanobosque","in","","0","0","0","https://x.com/Sigromilir01/status/1778544852244091023","1116882263185088513","Sigromilir01"
"1778476914828820895","Thu Apr 11 17:51:32 +0000 2024","0","@cinchaeunchaeng Sebelum sistem zonasi menyerang","1778481021857710432","","cinchaeunchaeng","in","Kota Bandung, Jawa Barat","0","1","0","https://x.com/Eroeoeoe/status/1778481021857710432","892967583019708416","Eroeoeoe"
"1778350247150002385","Thu Apr 11 14:27:06 +0000 2024","0","@mohmahfudmd Kocag sistem zonasi dulu gua pas mau masuk SMA name gua 34 kalah sama temen gue yang 24 karena rumahnya Deket sekolah. Gak adil","1778429574977859612","","mohmahfudmd","in","Medan Kota, Indonesia","0","0","0","https://x.com/KeropyKero28/status/1778429574977859612","1706960410711363584","KeropyKero28"
"1778423513852067924","Thu Apr 11 14:03:01 +0000 2024","0","Seragam baru? Siapin dana 2jt/ anak ya ayah bunda Eh itu blm biaya jahit juga Masih berupa KAIN BTW PAK MENDING URUS SISTEM ZONASI YG ENTUT ITUH *korban sistem zonasi* https://t.co/xTljfjuVlH","1778423513852067924","https://pbs.twimg.com/media/GK46wX9akAAiL3T.jpg","","in","√úT: -7.260014,112.733427","0","1","0","https://x.com/nina_alisha/status/1778423513852067924","69792542","nina_alisha"
"1778133491902980155","Thu Apr 11 13:23:21 +0000 2024","0","@abu_waras drpd gt kata gw apus aja itu zonasi sistem sampah","1778413527960858735","","abu_waras","in","","0","0","0","https://x.com/iKissGuren/status/1778413527960858735","1521817380426436608","iKissGuren"
"1778386910249132446","Thu Apr 11 11:37:34 +0000 2024","8","daripada ganti seragam sekolah mending apusin sistem zonasi dulu","1778386910249132446","","","in","","0","2","5","https://x.com/switzersky/status/1778386910249132446","1035514025700810752","switzersky"
"1778083946255057393","Thu Apr 11 11:32:23 +0000 2024","0","@blackshark7890 Njir nei mentri ngapain aja dah kerjanya di tempatku SMA/SMK negri sedikit banget adapun jaraknya 15km an sekarang sekolah masuk sistem zonasi njir kenapa sih sekolah swasta susah banget persyaratanya jadi sekolah negri swasta mahal negri ngak ada negara bangke","1778385603572498915","","blackshark7890","in","","0","0","0","https://x.com/Ruddytabooty69/status/1778385603572498915","1255011273617444868","Ruddytabooty69"
"1778322621257670771","Thu Apr 11 10:55:34 +0000 2024","6","@finnaesuseno anying sistem zonasi","1778376339302809737","","finnaesuseno","in","","0","0","0","https://x.com/korupsiwaktu/status/1778376339302809737","1496197569038667776","korupsiwaktu"
"1778350247150002385","Thu Apr 11 09:24:29 +0000 2024","91","@mohmahfudmd Ini sistem zonasi kurikulum merdeka harus dihentikan pak...ini sama.aja pemerataan kebodohan. Kembalikan ke sistem Lama basis kompetisi meritokrasi....lebih mudah mencetak 1000 anak pemalas drpd 10 org pintar","1778353418106781762","","mohmahfudmd","in","","0","11","4","https://x.com/vernandozz/status/1778353418106781762","138631288","vernandozz"
"1778337927745159510","Thu Apr 11 08:22:56 +0000 2024","1","Gimmick mulu yang diupdate perasaan seakan ada sesuatu yang baru dan fresh yang padahal hanya gimmick. Ini sistem pendidikan kita masih amburadul merdeka belajar bagaimana? Sistem zonasi dan yang lain-lain literasi siswa-siswa regulasi standar pengajar/guru yang masih minus.","1778337927745159510","","","in","Morioh cho ","0","0","0","https://x.com/manamesreeves/status/1778337927745159510","1247214162775695360","manamesreeves"
"1778296502114496928","Thu Apr 11 05:38:19 +0000 2024","0","Pengen dilihat keliatan kerja anjing sistem zonasi lo noh gajetot jadi ladang dosa tau gak demi masuk sekolah favorit yang goals mentoknya snbp taii","1778296502114496928","","","in","Indonesia","0","0","0","https://x.com/sevenphoria/status/1778296502114496928","1014728406225711104","sevenphoria"
"1778133491902980155","Thu Apr 11 02:57:48 +0000 2024","0","@abu_waras Ngapain? Benerin pendidikannya dulu ga sih perhatian murid2nya guru2nya staff2nya udh pada bener blm. Sistem sekolah zonasi aja bikin pusing","1778256103593427311","","abu_waras","in","","0","0","0","https://x.com/myrest_j/status/1778256103593427311","1662418605873438720","myrest_j"
"1778252715887567255","Thu Apr 11 02:44:20 +0000 2024","0","mending apus sistem zonasi deh ga guna banget apalagi sistem umur kasian yg udh deket rumahnya tp kalah ama yg lebi deket kasian yg umurnya pas buat sekolah tp kalah ama yang tua bangka ","1778252715887567255","","","in","0307","0","0","0","https://x.com/jiwajamal/status/1778252715887567255","1382572104466329601","jiwajamal"
"1778229197724667934","Thu Apr 11 01:10:53 +0000 2024","0","Daripada ginian mending lu hapus sistem zonasi dan balikin UNBK","1778229197724667934","","","in","Seoul, South Korea","0","0","0","https://x.com/deenveer11/status/1778229197724667934","1213289020328857601","deenveer11"
"1778130758013763791","Wed Apr 10 22:25:45 +0000 2024","1","@RNidha_AlJannah Banyak yang diotak-atik yang gak penting isinya kak.. Pramuka dan pendidikan agama lah yang pengen dihapus.. Bukannya nyari jalan agar pelajar tuh bisa mengalahkan efek buruk gadget bagi anak.. Gak ada motivasi dari anak dan ortu dengan sistem zonasi itu yang harus difikirkan..","1778187641256878473","","RNidha_AlJannah","in","","0","0","0","https://x.com/rikiAiza/status/1778187641256878473","1671156984761155586","rikiAiza"
"1778036592839717230","Wed Apr 10 13:03:18 +0000 2024","3","@antoxOn7 @Itjen_Kemdikbud sekedar masukan dr pd bikin model seragam baru yg gak penting mending hapus sistem zonasi balik ke asal aja dan kurikulumnya disempurnakan lagi","1778046097568813345","","wapres08","in","","0","0","0","https://x.com/DenBeiAjah/status/1778046097568813345","1666872148290592769","DenBeiAjah"
"1777463347967074407","Tue Apr 09 20:14:45 +0000 2024","0","@mrbambang @nevanov Ga bisa bilang karena KB sih. Ada sistem zonasi &amp; preferensi orang tua nyekolahin anak ke pesantren/sekolah swasta. Selama sekolah negeri terlalu nyaman dg sistemnya tanpa mau improve pelayanan &amp; sistem zonasi yg ga jelas itu berlaku kurang murid di sekolah negeri akan terjadi","1777792285402337440","","mrbambang","in","","0","0","0","https://x.com/a_wintersoltice/status/1777792285402337440","1605292149259440133","a_wintersoltice"
"1777463347967074407","Tue Apr 09 11:56:03 +0000 2024","1","@mrbambang @nevanov Ssbenernya ini pengaruh juga sama sistem zonasi. Ada banyak sd yg ditengah kota dikecamatan tsb tidak banyak yg ada anak kecilnya. Karna keluarga baru menikah relatif mencari perumahan dipinggir kota. Akhirnya di pusat kota kekurangan siswa. Akhirnya muridnya sedikit","1777666785925316732","","mrbambang","in","Jakarta Timur, DKI Jakarta","0","0","0","https://x.com/ironzaaa/status/1777666785925316732","1019816256","ironzaaa"
"1777381192289112530","Mon Apr 08 17:01:13 +0000 2024","0","Semenjak sistem sekolah negeri unggulan dicabut dan skg pake zonasi jd mau yg pinter dan bego jadi satu tau sendiri lah jadi kek apa ipar w yg guru SMA aja ngeluh anjir parah katanya kualitas anak2 didiknya takutnya yg udh pinter malah kebawa bloon juga‚Äç","1777381192289112530","","","in","Jakarta, Indonesia","0","0","0","https://x.com/demenngunyah/status/1777381192289112530","201654420","demenngunyah"
"1777342115057648100","Mon Apr 08 16:16:15 +0000 2024","0","@arnidraa sistem zonasi kost plsss biar ak yang dapet","1777369879433371769","","arnidraa","in","heyyow","0","0","0","https://x.com/euphonitory/status/1777369879433371769","1318897159698214913","euphonitory"
"1776936992871506244","Mon Apr 08 07:49:02 +0000 2024","0","@schfess jadi ya favoritism itu hidup karena univ &amp; masyarakat aside that emg sistem zonasi harus ada bbrp yang dibenahi lagi sih","1777242231172374806","","hubrislust","in","","0","0","0","https://x.com/hubrislust/status/1777242231172374806","1664583933810610177","hubrislust"
"1777242001404280897","Mon Apr 08 07:48:07 +0000 2024","0","SETUJU BGT NDER EMG GA BERGUNA ITU SISTEM ZONASI","1777242001404280897","","","in","she/her 19","0","0","0","https://x.com/vncxllayssy/status/1777242001404280897","1394040074212311040","vncxllayssy"
"1776936992871506244","Mon Apr 08 05:08:25 +0000 2024","0","@schfess gais pas banget! skripsiku lgi bahas sistem zonasi ini! please need ur support supaya bisa neliti kebijakan ini dengan bantu kuesionerku buat temen2 yang masih sma negeri di jakarta dan masuk ke smanya melalui ppdb sistem zonasi yaa!! https://t.co/MdqqwtlyZB Thank you!","1777201813143593367","","schfess","in","","0","0","0","https://x.com/nabilahkhrnnisa/status/1777201813143593367","1586956298947792896","nabilahkhrnnisa"
"1777091692627423713","Sun Apr 07 21:50:50 +0000 2024","6","mnrt gw ya (yapping terakhir sebelum tidur) harusnya pendidikan di indonesia di samaratakan dulu baru zonasi bukan zonasi buat memeratakan sekolah :( i mean kalau mindsetnya biar anak yg pinter nyebar kualitas sekolah itu yg dinilai sistem pendidiknya ","1777091692627423713","","","in","rps acc | minwongyu","0","1","0","https://x.com/wonyucil/status/1777091692627423713","1386252722022748161","wonyucil"
"1776932565901025375","Sun Apr 07 14:06:08 +0000 2024","0","@wtrmlnfloats Lah itu sekolah gue salah satu sekolah unggulan di daerah gue siswanya bisa sampe luar pulau gara-gara ada sistem zonasi sampe kekurangan murid dan akhirnya perpanjang pendaftaran. Adek gue yang mau daftar sana sampe nggak jadi karena khawatir nggak lolos. Jaraknya jauh.","1776974744803594684","","wtrmlnfloats","in","","0","0","0","https://x.com/81bbip/status/1776974744803594684","1475655741075714049","81bbip"
"1776581872845271471","Sun Apr 07 10:25:22 +0000 2024","4","@sbmptnfess menurut gue blm bisa dipastikan gagal sih soalnya itu butuh waktu yg lama bgt buat mastiin sistem zonasi berhasil/ngga. nanti juga ada saatnya anak dr sma fav banyak yang ga pinter2 amat cuma emg apes bgt kenanya pas era gue","1776919185681158475","","sbmptnfess","in","cipengui","0","0","0","https://x.com/scienzu/status/1776919185681158475","1211143678791520256","scienzu"
"1776581872845271471","Sun Apr 07 03:49:13 +0000 2024","6","@sbmptnfess sistem zonasi gabakal berhasil kalau fasilitas tiap sekolah juga gak sama. orang-orang pasti akan terus berusaha buat dapet sekolah terbaik lewat jalur prestasi atau apapun itu demi dapet fasilitas pendidikan memadai. jadi gak heran juga kalau ini berdampak sama sistem snbp ptn.","1776819493798645875","","sbmptnfess","in","studytwt so called real acc","0","0","0","https://x.com/yoursjustone/status/1776819493798645875","1673647324172800002","yoursjustone"
"1776581872845271471","Sun Apr 07 01:52:19 +0000 2024","0","@sbmptnfess Makanya klo mau nerapinsl sistem zonasi sistem snbp itu harus dihapus biar gada cap sekolah favorit lagi karena bisa tembus ptn ptn bergengsi","1776790072974876991","","sbmptnfess","in","Demaciaaaaaa","0","0","0","https://x.com/12kecoakejepit/status/1776790072974876991","779437356","12kecoakejepit"
"1776717731636846798","Sat Apr 06 21:04:51 +0000 2024","1","Dua Orang Adik Sepupuku jadi Korban dari Bobroknya Sistem Zonasi ","1776717731636846798","","","in","Saskatoon, Saskatchewan","0","0","0","https://x.com/UdanyaFreya/status/1776717731636846798","1537107980469952512","UdanyaFreya"
"1776711884953247812","Sat Apr 06 20:41:37 +0000 2024","6","bakal maafin semua orang KECUALI MENTERI PENDIDIKAN YG BIKIN SISTEM ZONASI JANCOKKKKKK SEMOGA BANTAL LU PANAS HARI LU HARI SENIN TERUS. SISTEM PENDIDIKAN YG BENER BENER GAGAL","1776711884953247812","","","in","Ksatria Airlangga","0","2","1","https://x.com/dumpieszt/status/1776711884953247812","1569691583154618369","dumpieszt"
"1776242335866913216","Sat Apr 06 18:06:22 +0000 2024","0","@ohbisadiganti kurang setuju ya maaf banget tp dulu mau masuk situ walaupun zonasi tetep aja ada embel nilai gak pure zonasi. okelah zonasi tp kalaupun nilainya ga gede agaknya susah juga masuk situ terakhir zaman gue daftar sma (pke nilai un) terendahnya aja 36.9 posisi udah sistem zonasi","1776672812625011016","","ohbisadiganti","in","üñ§ü©∑","0","0","0","https://x.com/proofrocx/status/1776672812625011016","1405030641989677058","proofrocx"
"1776671015873151108","Sat Apr 06 17:59:13 +0000 2024","1","lagi rame pro kontra sistem PPDB yg zonasi gua pengen bgt speak up cmn takut diculik pemerin-","1776671015873151108","","","in","","0","0","0","https://x.com/teknikgahidup/status/1776671015873151108","1693314457814867969","teknikgahidup"
"1776629522370355435","Sat Apr 06 17:21:49 +0000 2024","1","@koalaplutoo Iya kan gara2 sistem zonasi itu gwe jadi masuk man ","1776661604308066807","","koalaplutoo","in","paha rinne","0","1","0","https://x.com/shiroutalpha/status/1776661604308066807","1499674039283220483","shiroutalpha"
"1776581872845271471","Sat Apr 06 15:37:51 +0000 2024","31","@sbmptnfess SISTEM ZONASI EMANGGG NYEBLINNNNN AKU GABISA MASUK SMP FAV KARNA ZONASINYA BENER BENER YANG JARAK DAN JAPRESNYA CUMAN 5% PAS SMA PUN SAMA RUMAHKU JAUH DARI SMA (4KM) UNTUNGNYA NILAIKU LUMAYAN JADI BISA MASUK JAPRES TAPI DAPETNYA TETEP BUKAN DI SMA FAV","1776635440541704366","","sbmptnfess","in","","0","3","1","https://x.com/orang_sukses24/status/1776635440541704366","1459306063065354240","orang_sukses24"
"1776581872845271471","Sat Apr 06 15:19:33 +0000 2024","0","@sbmptnfess BENER BGTTT DARI AWAL ADA SISTEM ZONASI GUE UDAH KEPIKIRAN INI. BTW JOGJA TETEP SELEKSI PAKE NILAII BUAT PPDBB","1776630832264098035","","sbmptnfess","in","","0","0","0","https://x.com/yhyhoks/status/1776630832264098035","1378343520981770241","yhyhoks"
"1776629522370355435","Sat Apr 06 15:14:20 +0000 2024","2","Plis iya aku benci bgt sistem zonasi. RUMAH KU GA DEKET SMA NEGERI MANAPUN KEK WHAT?? ga adil bgt","1776629522370355435","","","in","","0","5","0","https://x.com/koalaplutoo/status/1776629522370355435","1242996767165001730","koalaplutoo"
"1776626686093873273","Sat Apr 06 15:03:04 +0000 2024","0","wkwwk ppdb zonasi katanya buat ngapus sistem favorit tapi pas snm/snpb malah bahan pertimbangannya dari sekolah top yg mana itu bawaan dari taun2 sebelumnya lol:v oiya plus diliat dari alumninya juga berarti kan yg lolos bakal sekolah itu2 doang ujungnya wkwkwk zonasu zonasu","1776626686093873273","","","in","","0","0","0","https://x.com/angkel_mutu/status/1776626686093873273","1147309753128779776","angkel_mutu"
"1776624640775139785","Sat Apr 06 14:54:57 +0000 2024","1","for realll. tujuan dr zonasi tp tetap ada sistem jalur yg melihat nama sekolah ","1776624640775139785","","","in","DNF","0","1","0","https://x.com/abloems/status/1776624640775139785","1442298579297529856","abloems"
"1776603910406283478","Sat Apr 06 13:36:59 +0000 2024","0","Gara gara tu kalimat zonasi orang tua ngomong semua skola sama aja. Kontol lah kalo sama smua ga akan anaknya nangis nangis ga keterima karna ga ad alumni. Sampe lulus aku dendam sama sistem ini dan sama pembuatnya serta sodara yang seenaknya ngomong kayak gtu","1776605020999262282","","itsjrooms","in","rant","0","0","0","https://x.com/itsjrooms/status/1776605020999262282","1308804470042628097","itsjrooms"
"1776598557375562008","Sat Apr 06 13:11:18 +0000 2024","0","karena walopun sistem zonasi tetep diurutkan berdasarkan nilai ASPD sementara yg diurutkan berdasarkan jarak pake sistem radius dan kuotanya dikit bgt 5% saja. belum lagi ada jalur prestasi. itulah kenapa fav di diy tep jd fav","1776598557375562008","","","in","","0","1","0","https://x.com/heyalcyon/status/1776598557375562008","1605502106","heyalcyon"
"1776582979499835591","Sat Apr 06 12:59:11 +0000 2024","0","@carmendeilla lebih ke gajelasan sistem kita sekarang kalau zonasi benar-benar di tegaskan maka snbp harus di hapus tpi dengan snbp masih ada zonasi ini cmn ngebebanin murid2nya. disini kyknya sender ga cmn kesel snbp tpi lebih ke kesel kesempatan masuk univ ini ga rata pdhl zonasi itu","1776595508712137172","","carmendeilla","in","muffin lover - multifandom","0","1","0","https://x.com/kyanosaurus/status/1776595508712137172","1014830279720964096","kyanosaurus"
"1776577139720220969","Sat Apr 06 11:46:12 +0000 2024","0","ya bener tetep berlian kl dibungkus plastik. Kl misal kena debu panas hujan ya bakal rusak jg. Same as kayak murid mungkin dia punya potensi bagus tp kalo tempat buat ngembangin potensi dia dibatasi ya bakal sia¬≤. Menurutku dripada dibikin sistem zonasi -","1776577141838377182","","ususmulet","in","","0","1","0","https://x.com/ususmulet/status/1776577141838377182","1553369547948048386","ususmulet"
"1776532293919932554","Sat Apr 06 08:47:59 +0000 2024","0","Ngaranku meh nanggo zonasi zonasi o mesti ttp ono seleksi (asal menutup kouta). Katakanlah yg zonasi kouta 100 orang trs yg daftar 150+ otomatis kan mesti diseleksi lagi pake variabel lain. Tapi apakah pendidikan dengan sistem zonasi ke arah pemerataan? Jawabannya.... semoga.","1776532293919932554","","","in","","0","0","0","https://x.com/raaawlll/status/1776532293919932554","2873464895","raaawlll"
"1776242335866913216","Sat Apr 06 07:53:32 +0000 2024","0","@ohbisadiganti bingung jg esensinya sistem zonasi ini apa","1776518591229391164","","ohbisadiganti","in","","0","0","0","https://x.com/ccexxr/status/1776518591229391164","1304674756357058561","ccexxr"
"1776503516749869238","Sat Apr 06 06:53:38 +0000 2024","0","emang sistem paling tai tuh ZONASI. meratakan sekolah biar gaada favorit tapi snm ngeliat dr alumni tahun sebelumnya ya menang sma favorit lah wkwkwk","1776503516749869238","","","in","üì∫: rehat dulu kuliah kntol","0","0","2","https://x.com/rhapsoday/status/1776503516749869238","1210641959166996481","rhapsoday"
"1776489383119761485","Sat Apr 06 05:57:29 +0000 2024","1","NAHHH KAN EMG SISTEM ZONASI MACAM EEK pemerataan apaann??? pemerataan tai monyet","1776489383119761485","","","in","aisenodni","0","0","0","https://x.com/hadupusing/status/1776489383119761485","1244521897334910977","hadupusing"
"1776242335866913216","Sat Apr 06 05:55:51 +0000 2024","2","@holaholea @ohbisadiganti @chaoticyiya YASHHHHH!!! padahal ga harus lewat jalur zonasi banyak juga kok temen dr padma teladan delyot yg emg dr jalur prestasi atau misal mau juga bisa pake jalur afirmasi....tp ya harus kuat aja sekolah di ketiga sma itu karena memang sistem pembelajarannya oke bgt.....","1776488971452952991","","holaholea","in","Yogyakarta, Indonesia","0","0","0","https://x.com/studydumptweet/status/1776488971452952991","1643645766806949888","studydumptweet"
"1776488963408290063","Sat Apr 06 05:55:49 +0000 2024","0","gua korban sistem zonasi kalo mau meratakan trus masih pake indeks sekolah buat menentukan yang lolos snbp buat apa? trus gimana nasib anak yang berprestasi harus terpaksa sekolah yang tidak favorit bahkan alumni kampus top ptn sedikit bahkan gaada","1776488963408290063","","","in","dnss; rl thingy","0","1","0","https://x.com/antihatees/status/1776488963408290063","1710777969852235776","antihatees"
"1776442516474368503","Sat Apr 06 02:51:15 +0000 2024","0","setuju dulu pas gue masuk sma udh ada sistem zonasi tp ternyata gue ga keterima di sma yg deket rumah (2km an dr rumah) alhasil masuk sekolah yg 10km lebih dari rumah wkwkwk tiap hari pp","1776442516474368503","","","in","pale blue dot","0","0","0","https://x.com/acenamiasa/status/1776442516474368503","1231501302812700672","acenamiasa"
"1776242335866913216","Sat Apr 06 02:37:01 +0000 2024","7","@ohbisadiganti Sebenarnya gapapa SNBP masih ada dgn sistem zonasi asal variabel alumni dihilangkan. Soalnya itu cukup ngaruh. Alumni yg banyak dan berprestasi di kampus menjadikannya sebagai nilai lebih","1776438934765285663","","ohbisadiganti","in","","0","1","0","https://x.com/Andibonk/status/1776438934765285663","98043612","Andibonk"
"1776438111633051727","Sat Apr 06 02:33:45 +0000 2024","0","zonasi emang ga efektif dari dulu apalagi dengan disandingkan sistem top sekolah gitu wkwkw","1776438111633051727","","","in","gravity falls","0","0","0","https://x.com/jirosemaryne/status/1776438111633051727","1496690665362964485","jirosemaryne"
"1776427558760010149","Sat Apr 06 01:51:49 +0000 2024","0","Sistem zonasi tu sistem yg paling gak mikir dulu imo sarana pendidikan aja gak merata yang ada malah anak2 di daerah tertentu malah ga mendapat pendidikan yang memadai ","1776427558760010149","","","in","somewhere","0","3","0","https://x.com/mner_o002/status/1776427558760010149","985324516359286784","mner_o002"
"1776425458533560611","Sat Apr 06 01:43:28 +0000 2024","0","Wakak terjadi juga bwat smanti Smansa smandel mereka paling banyak keterima di ptn top. Sementara yang lainnya 0. Sistem zonasi itu bullshit minimal hilangin pandang alumni dan top 1000 skola sama ratain guru guru di seluruh skola. No akre skalian biar rata","1776425458533560611","","","in","rant","0","1","0","https://x.com/itsjrooms/status/1776425458533560611","1308804470042628097","itsjrooms"
"1776414977026609416","Sat Apr 06 01:01:49 +0000 2024","2","YAKAAN aku juga selalu mikir gini mau sistem zonasi tapi tetep aja ketika snm sekolah-sekolah yang favorit tetep lebih dipertimbangkan sm univ dan banyak yg lolos. ya wajar aja kalo jd banyak yg menghalalkan segala cara buat tetep masuk sekolah favorit:)","1776414977026609416","","","in","","0","0","0","https://x.com/adulthink/status/1776414977026609416","1707419064891801600","adulthink"
"1776242335866913216","Sat Apr 06 00:50:25 +0000 2024","54","@ohbisadiganti jalur zonasi pun masuknya pake nilai aspd dan rata yang masuk sana juga nilainya udah tinggi. Dan sistem sekolah sama guru gurunya juga beda nder itu juga ngaruh banget. makanya kaya gak ada beda antara zonasi apa enggak.","1776412107271246133","","ohbisadiganti","in","","0","1","2","https://x.com/hyuckfllsun_/status/1776412107271246133","1019810029258469376","hyuckfllsun_"
"1776220078725566837","Fri Apr 05 12:07:21 +0000 2024","0","Tp aku tu capek kl bersih2 rmh belakang krn dulunya rumahku itu kos2an jd kamarnya bnyk dan skrg kosong. Mau di kos in lagi juga skrg sistem sekolahnya zonasi gada yg jauh2. Kl ga dibersihin jd gudang","1776220078725566837","","","in","","0","0","0","https://x.com/neverpositif/status/1776220078725566837","260112927","neverpositif"
"1776096655709991121","Fri Apr 05 04:48:48 +0000 2024","1","@DedynurPalakka @jokowi Setelah 5 tahun jkw melakukan prioritas pembangunan sarana prasarana untuk pemerataan. (sekolah maupun negara). Kemudian pada periode kedua mulai ketahap berikutnya yaitu mixing. (Di sekolah menggunakan sistem zonasi).","1776109711643058565","","kdrn_phobia","in","Kota Semarang, Jawa Tengah","0","1","0","https://x.com/kdrn_phobia/status/1776109711643058565","86537989","kdrn_phobia"
"1774574769196945659","Fri Apr 05 02:40:55 +0000 2024","0","@DokterTifa Betul ini menteri yg paling menyulitkan dan membawa kemunduran. Apa yg salah dg pramuka. Sistem zonasi tdk ada positif nya sama sekali malah kualitas pendidikan makin hancur saja.","1776077528119275765","","DokterTifa","in","","0","0","0","https://x.com/revelazy/status/1776077528119275765","1688041393305108480","revelazy"
"1775913246249373835","Thu Apr 04 15:48:07 +0000 2024","0","5 Kecamatan di Kota Semarang Ini Tak Punya SMA Negeri Siswa Rugi dengan Sistem Zonasi saat PPDB? #ppdb #zonasi #semarang #smanegeri #kecamatan https://t.co/QyRlfu99xB","1775913246249373835","","","in","","0","0","0","https://x.com/hendras79127758/status/1775913246249373835","1427103474060185602","hendras79127758"
"1775853132175770105","Thu Apr 04 11:49:15 +0000 2024","0","Urus sistem zonasi dulu deh pak.. sistem nya agak laen","1775853132175770105","","","in","√úT: -7.260014,112.733427","0","1","0","https://x.com/nina_alisha/status/1775853132175770105","69792542","nina_alisha"
"1775807368288510060","Thu Apr 04 09:24:49 +0000 2024","3","@cuppkiissesstt Tuhan kasih berbagai jalan buat mencapai sesuatu kamu ga harus berpatokan sama satu jalur aja. Aku paham perasaan sedih kamu. Dulu aku juga kecewa ga bisa masuk SMA yg aku impikan (gegara sistem zonasi). But I made it?? Artinya kamu juga bisa ngeraih cita-cita kamu!","1775816787105628665","","crimecoree","in","Free Palestine!","0","1","1","https://x.com/crimecoree/status/1775816787105628665","1491333825691291648","crimecoree"
"1775696129738539492","Thu Apr 04 03:12:24 +0000 2024","0","@langitan99 Wah saya belum sampai kesana. Semoga inget untuk cari literasi. . Ada juga wacana merubah sistem zonasi. Kelak akan jadi perdebatan seru juga perubahan sistem zonasi ini.","1775723063138796027","","langitan99","in","Kota Semarang, Jawa Tengah","0","0","0","https://x.com/kdrn_phobia/status/1775723063138796027","86537989","kdrn_phobia"
"1775445951634985285","Thu Apr 04 00:17:42 +0000 2024","0","@KompasTV sistem zonasi tuh yang perlu dikaji ulang","1775679097496363363","","KompasTV","in","Surakarta, Jawa Tengah","0","0","0","https://x.com/dukiessa/status/1775679097496363363","1691187648","dukiessa"
